{"cameraMode":{"drawMode":0,"name":"Shaded","section":"Shading Mode"},"sceneLighting":true,"audioPlay":false,"sceneViewState":{"m_AlwaysRefresh":false,"showFog":true,"showSkybox":true,"showFlares":true,"showImageEffects":true,"showParticleSystems":true,"showVisualEffectGraphs":true,"m_FxEnabled":true},"in2DMode":false,"pivot":{"x":0.28349876403808596,"y":1.6514370441436768,"z":-1.596755027770996},"rotation":{"x":0.02535412460565567,"y":0.9745548367500305,"z":-0.1640908569097519,"w":0.1505812406539917},"size":3.3464624881744386,"orthographic":false}